Fold,R2_Train,R2_Val,MAE_Train,MAE_Val,RMSE_Train,RMSE_Val
1,0.9917657447117232,0.9348191155456106,0.11433567340222718,0.32021717189162047,0.18285884793177193,0.5008672361488341
2,0.991966187673799,0.9338708593762047,0.11389690055144912,0.32166086799378457,0.18024177336859531,0.5090384623515947
3,0.9917441088270513,0.9365870071787756,0.11420593369331804,0.3215392238561041,0.18064001467430588,0.5211104200105591
4,0.9919691891454167,0.9325001103234243,0.11372475278236044,0.3237286015630901,0.17968667059841667,0.5203725914256319
5,0.9919211641072432,0.9405833092716687,0.11387224232784672,0.3210726445627859,0.1801239393873677,0.48930184411050137
